{
  "timestamp": "2025-11-20T09:09:31.699858",
  "algorithm": "xgboost",
  "task": "classification",
  "metrics": {
    "accuracy": 0.7402597402597403,
    "precision": 0.6229508196721312,
    "recall": 0.6909090909090909,
    "f1_score": 0.6551724137931034,
    "confusion_matrix": [
      [
        76,
        23
      ],
      [
        17,
        38
      ]
    ],
    "roc_auc": 0.7864095500459137
  },
  "test_samples": 154
}