{
  "timestamp": "2025-11-20T09:10:58.371338",
  "algorithm": "neural_network",
  "task": "classification",
  "metrics": {
    "accuracy": 0.6298701298701299,
    "precision": 0.4838709677419355,
    "recall": 0.5454545454545454,
    "f1_score": 0.5128205128205128,
    "confusion_matrix": [
      [
        67,
        32
      ],
      [
        25,
        30
      ]
    ],
    "roc_auc": 0.6372819100091828
  },
  "test_samples": 154
}