{
  "timestamp": "2025-11-20T09:10:31.944782",
  "algorithm": "knn",
  "task": "classification",
  "metrics": {
    "accuracy": 0.6623376623376623,
    "precision": 0.5245901639344263,
    "recall": 0.5818181818181818,
    "f1_score": 0.5517241379310345,
    "confusion_matrix": [
      [
        70,
        29
      ],
      [
        23,
        32
      ]
    ],
    "roc_auc": 0.7201101928374656
  },
  "test_samples": 154
}